{"v":"5.1.20","fr":25,"ip":0,"op":318,"w":750,"h":1291,"nm":"合成 1","ddd":0,"assets":[{"id":"image_0","w":593,"h":509,"u":"images/","p":"img_0.png","e":0},{"id":"image_1","w":750,"h":1291,"u":"images/","p":"img_1.png","e":0},{"id":"image_2","w":750,"h":1291,"u":"images/","p":"img_2.png","e":0},{"id":"image_3","w":750,"h":575,"u":"images/","p":"img_3.png","e":0},{"id":"image_4","w":750,"h":1291,"u":"images/","p":"img_4.png","e":0},{"id":"comp_0","layers":[{"ddd":0,"ind":1,"ty":1,"nm":"白色 纯色 1","sr":1,"ks":{"o":{"a":1,"k":[{"i":{"x":[0.667],"y":[1]},"o":{"x":[0.333],"y":[0]},"n":["0p667_1_0p333_0"],"t":5,"s":[50],"e":[50]},{"t":20}],"ix":11},"r":{"a":0,"k":0,"ix":10},"p":{"a":0,"k":[50,50,0],"ix":2},"a":{"a":0,"k":[50,50,0],"ix":1},"s":{"a":1,"k":[{"i":{"x":[0.667,0.667,0.667],"y":[1,1,1]},"o":{"x":[0.333,0.333,0.333],"y":[0,0,0]},"n":["0p667_1_0p333_0","0p667_1_0p333_0","0p667_1_0p333_0"],"t":5,"s":[0,0,100],"e":[100,100,100]},{"i":{"x":[0.667,0.667,0.667],"y":[1,1,1]},"o":{"x":[0.333,0.333,0.333],"y":[0,0,0]},"n":["0p667_1_0p333_0","0p667_1_0p333_0","0p667_1_0p333_0"],"t":20,"s":[100,100,100],"e":[72,72,100]},{"t":25}],"ix":6}},"ao":0,"hasMask":true,"masksProperties":[{"inv":false,"mode":"a","pt":{"a":0,"k":{"i":[[27.614,0],[0,-27.614],[-27.614,0],[0,27.614]],"o":[[-27.614,0],[0,27.614],[27.614,0],[0,-27.614]],"v":[[50,0],[0,50],[50,100],[100,50]],"c":true},"ix":1},"o":{"a":0,"k":100,"ix":3},"x":{"a":0,"k":0,"ix":4},"nm":"蒙版 1"}],"sw":100,"sh":100,"sc":"#ffffff","ip":5,"op":31,"st":5,"bm":0},{"ddd":0,"ind":2,"ty":1,"nm":"白色 纯色 1","sr":1,"ks":{"o":{"a":1,"k":[{"i":{"x":[0.667],"y":[1]},"o":{"x":[0.333],"y":[0]},"n":["0p667_1_0p333_0"],"t":0,"s":[50],"e":[50]},{"t":15}],"ix":11},"r":{"a":0,"k":0,"ix":10},"p":{"a":0,"k":[50,50,0],"ix":2},"a":{"a":0,"k":[50,50,0],"ix":1},"s":{"a":1,"k":[{"i":{"x":[0.667,0.667,0.667],"y":[1,1,1]},"o":{"x":[0.333,0.333,0.333],"y":[0,0,0]},"n":["0p667_1_0p333_0","0p667_1_0p333_0","0p667_1_0p333_0"],"t":0,"s":[0,0,100],"e":[100,100,100]},{"i":{"x":[0.667,0.667,0.667],"y":[1,1,1]},"o":{"x":[0.333,0.333,0.333],"y":[0,0,0]},"n":["0p667_1_0p333_0","0p667_1_0p333_0","0p667_1_0p333_0"],"t":15,"s":[100,100,100],"e":[72,72,100]},{"t":20}],"ix":6}},"ao":0,"hasMask":true,"masksProperties":[{"inv":false,"mode":"a","pt":{"a":0,"k":{"i":[[27.614,0],[0,-27.614],[-27.614,0],[0,27.614]],"o":[[-27.614,0],[0,27.614],[27.614,0],[0,-27.614]],"v":[[50,0],[0,50],[50,100],[100,50]],"c":true},"ix":1},"o":{"a":0,"k":100,"ix":3},"x":{"a":0,"k":0,"ix":4},"nm":"蒙版 1"}],"sw":100,"sh":100,"sc":"#ffffff","ip":0,"op":26,"st":0,"bm":0}]}],"layers":[{"ddd":0,"ind":1,"ty":0,"nm":"touch","refId":"comp_0","sr":1,"ks":{"o":{"a":1,"k":[{"i":{"x":[0.833],"y":[0.833]},"o":{"x":[0.167],"y":[0.167]},"n":["0p833_0p833_0p167_0p167"],"t":65,"s":[100],"e":[0]},{"t":68}],"ix":11},"r":{"a":0,"k":0,"ix":10},"p":{"a":0,"k":[631,269.5,0],"ix":2},"a":{"a":0,"k":[50,50,0],"ix":1},"s":{"a":0,"k":[172,172,100],"ix":6}},"ao":0,"w":100,"h":100,"ip":32,"op":91,"st":32,"bm":0},{"ddd":0,"ind":2,"ty":2,"nm":"mouse.png","cl":"png","refId":"image_0","sr":1,"ks":{"o":{"a":0,"k":100,"ix":11},"r":{"a":0,"k":-57.241,"ix":10},"p":{"a":1,"k":[{"i":{"x":0.833,"y":0.594},"o":{"x":0.167,"y":0.167},"n":"0p833_0p594_0p167_0p167","t":0,"s":[-80.5,858,0],"e":[587.5,378,0],"to":[111.333335876465,-80,0],"ti":[-111.333335876465,80,0]},{"i":{"x":0.833,"y":0.833},"o":{"x":0.167,"y":0.167},"n":"0p833_0p833_0p167_0p167","t":25,"s":[587.5,378,0],"e":[587.5,378,0],"to":[0,0,0],"ti":[0,0,0]},{"t":50}],"ix":2},"a":{"a":0,"k":[296.5,254.5,0],"ix":1},"s":{"a":0,"k":[16.592,16.592,100],"ix":6}},"ao":0,"ip":0,"op":52,"st":0,"bm":0},{"ddd":0,"ind":3,"ty":2,"nm":"mouse.png","cl":"png","refId":"image_0","sr":1,"ks":{"o":{"a":0,"k":100,"ix":11},"r":{"a":0,"k":-113.241,"ix":10},"p":{"a":1,"k":[{"i":{"x":0.833,"y":0.833},"o":{"x":0.167,"y":0.167},"n":"0p833_0p833_0p167_0p167","t":84,"s":[803.5,886,0],"e":[587.5,643,0],"to":[-36,-40.5,0],"ti":[36,40.5,0]},{"t":109}],"ix":2},"a":{"a":0,"k":[296.5,254.5,0],"ix":1},"s":{"a":0,"k":[16.592,16.592,100],"ix":6}},"ao":0,"ip":84,"op":137,"st":84,"bm":0},{"ddd":0,"ind":4,"ty":0,"nm":"touch","refId":"comp_0","sr":1,"ks":{"o":{"a":1,"k":[{"i":{"x":[0.833],"y":[0.833]},"o":{"x":[0.167],"y":[0.167]},"n":["0p833_0p833_0p167_0p167"],"t":139,"s":[100],"e":[0]},{"t":142}],"ix":11},"r":{"a":0,"k":0,"ix":10},"p":{"a":0,"k":[563,573.5,0],"ix":2},"a":{"a":0,"k":[50,50,0],"ix":1},"s":{"a":0,"k":[172,172,100],"ix":6}},"ao":0,"w":100,"h":100,"ip":109,"op":168,"st":109,"bm":0},{"ddd":0,"ind":5,"ty":4,"nm":"形状图层 1","sr":1,"ks":{"o":{"a":1,"k":[{"i":{"x":[0.833],"y":[0.833]},"o":{"x":[0.167],"y":[0.167]},"n":["0p833_0p833_0p167_0p167"],"t":155,"s":[0],"e":[100]},{"i":{"x":[0.833],"y":[0.833]},"o":{"x":[0.167],"y":[0.167]},"n":["0p833_0p833_0p167_0p167"],"t":171,"s":[100],"e":[0]},{"i":{"x":[0.833],"y":[0.833]},"o":{"x":[0.167],"y":[0.167]},"n":["0p833_0p833_0p167_0p167"],"t":185,"s":[0],"e":[100]},{"i":{"x":[0.833],"y":[0.833]},"o":{"x":[0.167],"y":[0.167]},"n":["0p833_0p833_0p167_0p167"],"t":198,"s":[100],"e":[0]},{"i":{"x":[0.833],"y":[0.833]},"o":{"x":[0.167],"y":[0.167]},"n":["0p833_0p833_0p167_0p167"],"t":209,"s":[0],"e":[100]},{"t":220}],"ix":11},"r":{"a":0,"k":0,"ix":10},"p":{"a":0,"k":[375,645.5,0],"ix":2},"a":{"a":0,"k":[0,0,0],"ix":1},"s":{"a":0,"k":[100,100,100],"ix":6}},"ao":0,"shapes":[{"ty":"gr","it":[{"ty":"rc","d":1,"s":{"a":0,"k":[202,62],"ix":2},"p":{"a":0,"k":[0,0],"ix":3},"r":{"a":0,"k":0,"ix":4},"nm":"矩形路径 1","mn":"ADBE Vector Shape - Rect","hd":false},{"ty":"st","c":{"a":0,"k":[0.913725490196,0.854901960784,0.090196078431,1],"ix":3},"o":{"a":0,"k":100,"ix":4},"w":{"a":0,"k":8,"ix":5},"lc":1,"lj":1,"ml":4,"nm":"描边 1","mn":"ADBE Vector Graphic - Stroke","hd":false},{"ty":"tr","p":{"a":0,"k":[218,307.5],"ix":2},"a":{"a":0,"k":[0,0],"ix":1},"s":{"a":0,"k":[100,100],"ix":3},"r":{"a":0,"k":0,"ix":6},"o":{"a":0,"k":100,"ix":7},"sk":{"a":0,"k":0,"ix":4},"sa":{"a":0,"k":0,"ix":5},"nm":"变换"}],"nm":"矩形 1","np":3,"cix":2,"ix":1,"mn":"ADBE Vector Group","hd":false}],"ip":155,"op":233,"st":155,"bm":0},{"ddd":0,"ind":6,"ty":2,"nm":"mouse.png","cl":"png","refId":"image_0","sr":1,"ks":{"o":{"a":1,"k":[{"i":{"x":[0.833],"y":[0.833]},"o":{"x":[0.167],"y":[0.167]},"n":["0p833_0p833_0p167_0p167"],"t":182,"s":[100],"e":[3]},{"t":191}],"ix":11},"r":{"a":0,"k":-106.241,"ix":10},"p":{"a":1,"k":[{"i":{"x":0.833,"y":0.833},"o":{"x":0.167,"y":0.167},"n":"0p833_0p833_0p167_0p167","t":169,"s":[99.5,450,0],"e":[287.5,450,0],"to":[31.3333339691162,0,0],"ti":[-31.3333339691162,0,0]},{"t":191}],"ix":2},"a":{"a":0,"k":[296.5,254.5,0],"ix":1},"s":{"a":0,"k":[16.592,16.592,100],"ix":6}},"ao":0,"ip":168,"op":199,"st":168,"bm":0},{"ddd":0,"ind":7,"ty":2,"nm":"mouse.png","cl":"png","refId":"image_0","sr":1,"ks":{"o":{"a":1,"k":[{"i":{"x":[0.833],"y":[0.833]},"o":{"x":[0.167],"y":[0.167]},"n":["0p833_0p833_0p167_0p167"],"t":208,"s":[100],"e":[3]},{"t":217}],"ix":11},"r":{"a":0,"k":-106.241,"ix":10},"p":{"a":1,"k":[{"i":{"x":0.833,"y":0.833},"o":{"x":0.167,"y":0.167},"n":"0p833_0p833_0p167_0p167","t":195,"s":[715.5,782,0],"e":[489.5,782,0],"to":[-37.6666679382324,0,0],"ti":[37.6666679382324,0,0]},{"t":217}],"ix":2},"a":{"a":0,"k":[296.5,254.5,0],"ix":1},"s":{"a":0,"k":[16.592,16.592,100],"ix":6}},"ao":0,"ip":194,"op":225,"st":194,"bm":0},{"ddd":0,"ind":8,"ty":0,"nm":"touch","refId":"comp_0","sr":1,"ks":{"o":{"a":1,"k":[{"i":{"x":[0.833],"y":[0.833]},"o":{"x":[0.167],"y":[0.167]},"n":["0p833_0p833_0p167_0p167"],"t":309,"s":[100],"e":[0]},{"t":312}],"ix":11},"r":{"a":0,"k":0,"ix":10},"p":{"a":0,"k":[367,1221.5,0],"ix":2},"a":{"a":0,"k":[50,50,0],"ix":1},"s":{"a":0,"k":[172,172,100],"ix":6}},"ao":0,"w":100,"h":100,"ip":276,"op":343,"st":276,"bm":0},{"ddd":0,"ind":9,"ty":4,"nm":"形状图层 3","sr":1,"ks":{"o":{"a":1,"k":[{"i":{"x":[0.833],"y":[0.833]},"o":{"x":[0.167],"y":[0.167]},"n":["0p833_0p833_0p167_0p167"],"t":230,"s":[0],"e":[100]},{"i":{"x":[0.833],"y":[0.833]},"o":{"x":[0.167],"y":[0.167]},"n":["0p833_0p833_0p167_0p167"],"t":246,"s":[100],"e":[0]},{"i":{"x":[0.833],"y":[0.833]},"o":{"x":[0.167],"y":[0.167]},"n":["0p833_0p833_0p167_0p167"],"t":260,"s":[0],"e":[100]},{"t":272}],"ix":11},"r":{"a":0,"k":0,"ix":10},"p":{"a":0,"k":[375,645.5,0],"ix":2},"a":{"a":0,"k":[0,0,0],"ix":1},"s":{"a":0,"k":[100,100,100],"ix":6}},"ao":0,"shapes":[{"ty":"gr","it":[{"ty":"rc","d":1,"s":{"a":0,"k":[202,62],"ix":2},"p":{"a":0,"k":[0,0],"ix":3},"r":{"a":0,"k":0,"ix":4},"nm":"矩形路径 1","mn":"ADBE Vector Shape - Rect","hd":false},{"ty":"st","c":{"a":0,"k":[0.913725490196,0.854901960784,0.090196078431,1],"ix":3},"o":{"a":0,"k":100,"ix":4},"w":{"a":0,"k":8,"ix":5},"lc":1,"lj":1,"ml":4,"nm":"描边 1","mn":"ADBE Vector Graphic - Stroke","hd":false},{"ty":"tr","p":{"a":0,"k":[218,307.5],"ix":2},"a":{"a":0,"k":[0,0],"ix":1},"s":{"a":0,"k":[100,100],"ix":3},"r":{"a":0,"k":0,"ix":6},"o":{"a":0,"k":100,"ix":7},"sk":{"a":0,"k":0,"ix":4},"sa":{"a":0,"k":0,"ix":5},"nm":"变换"}],"nm":"矩形 1","np":3,"cix":2,"ix":1,"mn":"ADBE Vector Group","hd":false}],"ip":230,"op":304,"st":230,"bm":0},{"ddd":0,"ind":10,"ty":2,"nm":"mouse.png","cl":"png","refId":"image_0","sr":1,"ks":{"o":{"a":1,"k":[{"i":{"x":[0.833],"y":[0.833]},"o":{"x":[0.167],"y":[0.167]},"n":["0p833_0p833_0p167_0p167"],"t":303,"s":[100],"e":[0]},{"t":307}],"ix":11},"r":{"a":0,"k":-117.241,"ix":10},"p":{"a":1,"k":[{"i":{"x":0.833,"y":0.833},"o":{"x":0.167,"y":0.167},"n":"0p833_0p833_0p167_0p167","t":248,"s":[863.5,782,0],"e":[402.5,1273,0],"to":[-76.8333358764648,81.8333358764648,0],"ti":[76.8333358764648,-81.8333358764648,0]},{"t":279}],"ix":2},"a":{"a":0,"k":[296.5,254.5,0],"ix":1},"s":{"a":0,"k":[16.592,16.592,100],"ix":6}},"ao":0,"ip":247,"op":318,"st":247,"bm":0},{"ddd":0,"ind":11,"ty":2,"nm":"set8.jpg","cl":"jpg","refId":"image_1","sr":1,"ks":{"o":{"a":0,"k":100,"ix":11},"r":{"a":0,"k":0,"ix":10},"p":{"a":0,"k":[375,645.5,0],"ix":2},"a":{"a":0,"k":[375,645.5,0],"ix":1},"s":{"a":0,"k":[100,100,100],"ix":6}},"ao":0,"ip":232,"op":318,"st":31,"bm":0},{"ddd":0,"ind":12,"ty":2,"nm":"set4.jpg","cl":"jpg","refId":"image_2","sr":1,"ks":{"o":{"a":0,"k":100,"ix":11},"r":{"a":0,"k":0,"ix":10},"p":{"a":1,"k":[{"i":{"x":0.833,"y":0.833},"o":{"x":0.167,"y":0.167},"n":"0p833_0p833_0p167_0p167","t":141,"s":[1138,645.5,0],"e":[375,645.5,0],"to":[-127.166664123535,0,0],"ti":[127.166664123535,0,0]},{"t":153}],"ix":2},"a":{"a":0,"k":[375,645.5,0],"ix":1},"s":{"a":0,"k":[100,100,100],"ix":6}},"ao":0,"ip":142,"op":232,"st":-7,"bm":0},{"ddd":0,"ind":13,"ty":2,"nm":"set5.jpg","cl":"jpg","refId":"image_3","sr":1,"ks":{"o":{"a":1,"k":[{"i":{"x":[0.833],"y":[0.833]},"o":{"x":[0.167],"y":[0.167]},"n":["0p833_0p833_0p167_0p167"],"t":79,"s":[0],"e":[100]},{"i":{"x":[0.833],"y":[0.833]},"o":{"x":[0.167],"y":[0.167]},"n":["0p833_0p833_0p167_0p167"],"t":84,"s":[100],"e":[100]},{"i":{"x":[0.833],"y":[0.833]},"o":{"x":[0.167],"y":[0.167]},"n":["0p833_0p833_0p167_0p167"],"t":142,"s":[100],"e":[2]},{"t":158}],"ix":11},"r":{"a":0,"k":0,"ix":10},"p":{"a":0,"k":[373,370,0],"ix":2},"a":{"a":0,"k":[375,287.5,0],"ix":1},"s":{"a":0,"k":[100,100,100],"ix":6}},"ao":0,"ip":79,"op":162,"st":4,"bm":0},{"ddd":0,"ind":14,"ty":4,"nm":"形状图层 2","sr":1,"ks":{"o":{"a":1,"k":[{"i":{"x":[0.833],"y":[0.833]},"o":{"x":[0.167],"y":[0.167]},"n":["0p833_0p833_0p167_0p167"],"t":80,"s":[0],"e":[64]},{"i":{"x":[0.833],"y":[0.833]},"o":{"x":[0.167],"y":[0.167]},"n":["0p833_0p833_0p167_0p167"],"t":85,"s":[64],"e":[64]},{"t":142}],"ix":11},"r":{"a":0,"k":0,"ix":10},"p":{"a":0,"k":[379,610.5,0],"ix":2},"a":{"a":0,"k":[0,0,0],"ix":1},"s":{"a":0,"k":[100.813,106.806,100],"ix":6}},"ao":0,"shapes":[{"ty":"gr","it":[{"ty":"rc","d":1,"s":{"a":0,"k":[748,600],"ix":2},"p":{"a":0,"k":[0,0],"ix":3},"r":{"a":0,"k":0,"ix":4},"nm":"矩形路径 1","mn":"ADBE Vector Shape - Rect","hd":false},{"ty":"st","c":{"a":0,"k":[0.913725490196,0.854901960784,0.090196078431,1],"ix":3},"o":{"a":0,"k":100,"ix":4},"w":{"a":0,"k":0,"ix":5},"lc":1,"lj":1,"ml":4,"nm":"描边 1","mn":"ADBE Vector Graphic - Stroke","hd":false},{"ty":"fl","c":{"a":0,"k":[0,0,0,1],"ix":4},"o":{"a":0,"k":100,"ix":5},"r":1,"nm":"填充 1","mn":"ADBE Vector Graphic - Fill","hd":false},{"ty":"tr","p":{"a":0,"k":[-5,346.5],"ix":2},"a":{"a":0,"k":[0,0],"ix":1},"s":{"a":0,"k":[100,100],"ix":3},"r":{"a":0,"k":0,"ix":6},"o":{"a":0,"k":100,"ix":7},"sk":{"a":0,"k":0,"ix":4},"sa":{"a":0,"k":0,"ix":5},"nm":"变换"}],"nm":"矩形 1","np":3,"cix":2,"ix":1,"mn":"ADBE Vector Group","hd":false}],"ip":80,"op":178,"st":80,"bm":0},{"ddd":0,"ind":15,"ty":2,"nm":"usdmxn.jpg","cl":"jpg","refId":"image_4","sr":1,"ks":{"o":{"a":1,"k":[{"i":{"x":[0.833],"y":[0.833]},"o":{"x":[0.167],"y":[0.167]},"n":["0p833_0p833_0p167_0p167"],"t":142,"s":[100],"e":[0]},{"t":158}],"ix":11},"r":{"a":0,"k":0,"ix":10},"p":{"a":1,"k":[{"i":{"x":0.833,"y":0.833},"o":{"x":0.167,"y":0.167},"n":"0p833_0p833_0p167_0p167","t":18,"s":[375,645.5,0],"e":[-3,1273.5,0],"to":[-63,104.666664123535,0],"ti":[63,-104.666664123535,0]},{"i":{"x":0.833,"y":0.833},"o":{"x":0.167,"y":0.167},"n":"0p833_0p833_0p167_0p167","t":35,"s":[-3,1273.5,0],"e":[-3,1273.5,0],"to":[0,0,0],"ti":[0,0,0]},{"i":{"x":0.833,"y":0.833},"o":{"x":0.167,"y":0.167},"n":"0p833_0p833_0p167_0p167","t":50,"s":[-3,1273.5,0],"e":[-3,1273.5,0],"to":[0,0,0],"ti":[0,0,0]},{"i":{"x":0.833,"y":0.833},"o":{"x":0.167,"y":0.167},"n":"0p833_0p833_0p167_0p167","t":62,"s":[-3,1273.5,0],"e":[375,645.5,0],"to":[63,-104.666664123535,0],"ti":[-63,104.666664123535,0]},{"t":75}],"ix":2},"a":{"a":0,"k":[375,645.5,0],"ix":1},"s":{"a":1,"k":[{"i":{"x":[0.833,0.833,0.833],"y":[0.833,0.833,0.833]},"o":{"x":[0.167,0.167,0.167],"y":[0.167,0.167,0.167]},"n":["0p833_0p833_0p167_0p167","0p833_0p833_0p167_0p167","0p833_0p833_0p167_0p167"],"t":18,"s":[100,100,100],"e":[203,203,100]},{"i":{"x":[0.833,0.833,0.833],"y":[0.833,0.833,0.833]},"o":{"x":[0.167,0.167,0.167],"y":[0.167,0.167,0.167]},"n":["0p833_0p833_0p167_0p167","0p833_0p833_0p167_0p167","0p833_0p833_0p167_0p167"],"t":35,"s":[203,203,100],"e":[203,203,100]},{"i":{"x":[0.833,0.833,0.833],"y":[0.833,0.833,0.833]},"o":{"x":[0.167,0.167,0.167],"y":[0.167,0.167,0.167]},"n":["0p833_0p833_0p167_0p167","0p833_0p833_0p167_0p167","0p833_0p833_0p167_0p167"],"t":50,"s":[203,203,100],"e":[203,203,100]},{"i":{"x":[0.833,0.833,0.833],"y":[0.833,0.833,0.833]},"o":{"x":[0.167,0.167,0.167],"y":[0.167,0.167,0.167]},"n":["0p833_0p833_0p167_0p167","0p833_0p833_0p167_0p167","0p833_0p833_0p167_0p167"],"t":62,"s":[203,203,100],"e":[100,100,100]},{"t":75}],"ix":6}},"ao":0,"ip":0,"op":164,"st":0,"bm":0}],"markers":[]}