{"v":"5.1.20","fr":25,"ip":0,"op":437,"w":750,"h":1291,"nm":"demo7-how to trade","ddd":0,"assets":[{"id":"image_0","w":593,"h":509,"u":"images/","p":"img_0.png","e":0},{"id":"image_1","w":122,"h":94,"u":"images/","p":"img_1.png","e":0},{"id":"image_2","w":125,"h":118,"u":"images/","p":"img_2.png","e":0},{"id":"image_3","w":750,"h":1291,"u":"images/","p":"img_3.png","e":0},{"id":"image_4","w":750,"h":1291,"u":"images/","p":"img_4.png","e":0},{"id":"image_5","w":750,"h":1291,"u":"images/","p":"img_5.png","e":0},{"id":"image_6","w":750,"h":1291,"u":"images/","p":"img_6.png","e":0},{"id":"image_7","w":750,"h":1291,"u":"images/","p":"img_7.png","e":0},{"id":"comp_0","layers":[{"ddd":0,"ind":1,"ty":1,"nm":"白色 纯色 1","sr":1,"ks":{"o":{"a":1,"k":[{"i":{"x":[0.667],"y":[1]},"o":{"x":[0.333],"y":[0]},"n":["0p667_1_0p333_0"],"t":5,"s":[50],"e":[50]},{"t":20}],"ix":11},"r":{"a":0,"k":0,"ix":10},"p":{"a":0,"k":[50,50,0],"ix":2},"a":{"a":0,"k":[50,50,0],"ix":1},"s":{"a":1,"k":[{"i":{"x":[0.667,0.667,0.667],"y":[1,1,1]},"o":{"x":[0.333,0.333,0.333],"y":[0,0,0]},"n":["0p667_1_0p333_0","0p667_1_0p333_0","0p667_1_0p333_0"],"t":5,"s":[0,0,100],"e":[100,100,100]},{"i":{"x":[0.667,0.667,0.667],"y":[1,1,1]},"o":{"x":[0.333,0.333,0.333],"y":[0,0,0]},"n":["0p667_1_0p333_0","0p667_1_0p333_0","0p667_1_0p333_0"],"t":20,"s":[100,100,100],"e":[72,72,100]},{"t":25}],"ix":6}},"ao":0,"hasMask":true,"masksProperties":[{"inv":false,"mode":"a","pt":{"a":0,"k":{"i":[[27.614,0],[0,-27.614],[-27.614,0],[0,27.614]],"o":[[-27.614,0],[0,27.614],[27.614,0],[0,-27.614]],"v":[[50,0],[0,50],[50,100],[100,50]],"c":true},"ix":1},"o":{"a":0,"k":100,"ix":3},"x":{"a":0,"k":0,"ix":4},"nm":"蒙版 1"}],"sw":100,"sh":100,"sc":"#ffffff","ip":5,"op":31,"st":5,"bm":0},{"ddd":0,"ind":2,"ty":1,"nm":"白色 纯色 1","sr":1,"ks":{"o":{"a":1,"k":[{"i":{"x":[0.667],"y":[1]},"o":{"x":[0.333],"y":[0]},"n":["0p667_1_0p333_0"],"t":0,"s":[50],"e":[50]},{"t":15}],"ix":11},"r":{"a":0,"k":0,"ix":10},"p":{"a":0,"k":[50,50,0],"ix":2},"a":{"a":0,"k":[50,50,0],"ix":1},"s":{"a":1,"k":[{"i":{"x":[0.667,0.667,0.667],"y":[1,1,1]},"o":{"x":[0.333,0.333,0.333],"y":[0,0,0]},"n":["0p667_1_0p333_0","0p667_1_0p333_0","0p667_1_0p333_0"],"t":0,"s":[0,0,100],"e":[100,100,100]},{"i":{"x":[0.667,0.667,0.667],"y":[1,1,1]},"o":{"x":[0.333,0.333,0.333],"y":[0,0,0]},"n":["0p667_1_0p333_0","0p667_1_0p333_0","0p667_1_0p333_0"],"t":15,"s":[100,100,100],"e":[72,72,100]},{"t":20}],"ix":6}},"ao":0,"hasMask":true,"masksProperties":[{"inv":false,"mode":"a","pt":{"a":0,"k":{"i":[[27.614,0],[0,-27.614],[-27.614,0],[0,27.614]],"o":[[-27.614,0],[0,27.614],[27.614,0],[0,-27.614]],"v":[[50,0],[0,50],[50,100],[100,50]],"c":true},"ix":1},"o":{"a":0,"k":100,"ix":3},"x":{"a":0,"k":0,"ix":4},"nm":"蒙版 1"}],"sw":100,"sh":100,"sc":"#ffffff","ip":0,"op":26,"st":0,"bm":0}]}],"layers":[{"ddd":0,"ind":1,"ty":4,"nm":"形状图层 5","sr":1,"ks":{"o":{"a":1,"k":[{"i":{"x":[0.833],"y":[0.833]},"o":{"x":[0.167],"y":[0.167]},"n":["0p833_0p833_0p167_0p167"],"t":128,"s":[0],"e":[100]},{"i":{"x":[0.833],"y":[0.833]},"o":{"x":[0.167],"y":[0.167]},"n":["0p833_0p833_0p167_0p167"],"t":142,"s":[100],"e":[0]},{"i":{"x":[0.833],"y":[0.833]},"o":{"x":[0.167],"y":[0.167]},"n":["0p833_0p833_0p167_0p167"],"t":155,"s":[0],"e":[100]},{"t":167}],"ix":11},"r":{"a":0,"k":0,"ix":10},"p":{"a":0,"k":[791,645.5,0],"ix":2},"a":{"a":0,"k":[0,0,0],"ix":1},"s":{"a":0,"k":[100.777,100.777,100],"ix":6}},"ao":0,"shapes":[{"ty":"gr","it":[{"ty":"rc","d":1,"s":{"a":0,"k":[322,122],"ix":2},"p":{"a":0,"k":[0,0],"ix":3},"r":{"a":0,"k":0,"ix":4},"nm":"矩形路径 1","mn":"ADBE Vector Shape - Rect","hd":false},{"ty":"st","c":{"a":0,"k":[0.913725011489,0.854902020623,0.090195996154,1],"ix":3},"o":{"a":0,"k":100,"ix":4},"w":{"a":0,"k":12,"ix":5},"lc":1,"lj":1,"ml":4,"nm":"描边 1","mn":"ADBE Vector Graphic - Stroke","hd":false},{"ty":"tr","p":{"a":0,"k":[-206,575.5],"ix":2},"a":{"a":0,"k":[0,0],"ix":1},"s":{"a":0,"k":[100,100],"ix":3},"r":{"a":0,"k":0,"ix":6},"o":{"a":0,"k":100,"ix":7},"sk":{"a":0,"k":0,"ix":4},"sa":{"a":0,"k":0,"ix":5},"nm":"变换"}],"nm":"矩形 1","np":3,"cix":2,"ix":1,"mn":"ADBE Vector Group","hd":false}],"ip":127,"op":185,"st":58,"bm":0},{"ddd":0,"ind":2,"ty":4,"nm":"形状图层 3","sr":1,"ks":{"o":{"a":1,"k":[{"i":{"x":[0.833],"y":[0.833]},"o":{"x":[0.167],"y":[0.167]},"n":["0p833_0p833_0p167_0p167"],"t":70,"s":[0],"e":[100]},{"i":{"x":[0.833],"y":[0.833]},"o":{"x":[0.167],"y":[0.167]},"n":["0p833_0p833_0p167_0p167"],"t":84,"s":[100],"e":[0]},{"i":{"x":[0.833],"y":[0.833]},"o":{"x":[0.167],"y":[0.167]},"n":["0p833_0p833_0p167_0p167"],"t":97,"s":[0],"e":[100]},{"t":109}],"ix":11},"r":{"a":0,"k":0,"ix":10},"p":{"a":0,"k":[375,645.5,0],"ix":2},"a":{"a":0,"k":[0,0,0],"ix":1},"s":{"a":0,"k":[100.777,100.777,100],"ix":6}},"ao":0,"shapes":[{"ty":"gr","it":[{"ty":"rc","d":1,"s":{"a":0,"k":[322,122],"ix":2},"p":{"a":0,"k":[0,0],"ix":3},"r":{"a":0,"k":0,"ix":4},"nm":"矩形路径 1","mn":"ADBE Vector Shape - Rect","hd":false},{"ty":"st","c":{"a":0,"k":[0.913725011489,0.854902020623,0.090195996154,1],"ix":3},"o":{"a":0,"k":100,"ix":4},"w":{"a":0,"k":12,"ix":5},"lc":1,"lj":1,"ml":4,"nm":"描边 1","mn":"ADBE Vector Graphic - Stroke","hd":false},{"ty":"tr","p":{"a":0,"k":[-206,575.5],"ix":2},"a":{"a":0,"k":[0,0],"ix":1},"s":{"a":0,"k":[100,100],"ix":3},"r":{"a":0,"k":0,"ix":6},"o":{"a":0,"k":100,"ix":7},"sk":{"a":0,"k":0,"ix":4},"sa":{"a":0,"k":0,"ix":5},"nm":"变换"}],"nm":"矩形 1","np":3,"cix":2,"ix":1,"mn":"ADBE Vector Group","hd":false}],"ip":69,"op":127,"st":0,"bm":0},{"ddd":0,"ind":3,"ty":2,"nm":"mouse.png","cl":"png","refId":"image_0","sr":1,"ks":{"o":{"a":1,"k":[{"i":{"x":[0.833],"y":[0.833]},"o":{"x":[0.167],"y":[0.167]},"n":["0p833_0p833_0p167_0p167"],"t":56,"s":[100],"e":[0]},{"t":59}],"ix":11},"r":{"a":0,"k":-114.041,"ix":10},"p":{"a":1,"k":[{"i":{"x":0.833,"y":0.833},"o":{"x":0.167,"y":0.167},"n":"0p833_0p833_0p167_0p167","t":0,"s":[811,749.5,0],"e":[120,533.5,0],"to":[-115.166664123535,-36,0],"ti":[115.166664123535,36,0]},{"t":27}],"ix":2},"a":{"a":0,"k":[296.5,254.5,0],"ix":1},"s":{"a":0,"k":[13.288,13.288,100],"ix":6}},"ao":0,"ip":0,"op":69,"st":0,"bm":0},{"ddd":0,"ind":4,"ty":0,"nm":"touch","refId":"comp_0","sr":1,"ks":{"o":{"a":0,"k":100,"ix":11},"r":{"a":0,"k":0,"ix":10},"p":{"a":0,"k":[591,1221.5,0],"ix":2},"a":{"a":0,"k":[50,50,0],"ix":1},"s":{"a":0,"k":[100,100,100],"ix":6}},"ao":0,"w":100,"h":100,"ip":219,"op":289,"st":219,"bm":0},{"ddd":0,"ind":5,"ty":4,"nm":"形状图层 2","sr":1,"ks":{"o":{"a":1,"k":[{"i":{"x":[0.833],"y":[0.833]},"o":{"x":[0.167],"y":[0.167]},"n":["0p833_0p833_0p167_0p167"],"t":182,"s":[0],"e":[100]},{"i":{"x":[0.833],"y":[0.833]},"o":{"x":[0.167],"y":[0.167]},"n":["0p833_0p833_0p167_0p167"],"t":195,"s":[100],"e":[0]},{"i":{"x":[0.833],"y":[0.833]},"o":{"x":[0.167],"y":[0.167]},"n":["0p833_0p833_0p167_0p167"],"t":208,"s":[0],"e":[100]},{"t":220}],"ix":11},"r":{"a":0,"k":0,"ix":10},"p":{"a":0,"k":[375,645.5,0],"ix":2},"a":{"a":0,"k":[0,0,0],"ix":1},"s":{"a":0,"k":[100,100,100],"ix":6}},"ao":0,"shapes":[{"ty":"gr","it":[{"ty":"rc","d":1,"s":{"a":0,"k":[350,70],"ix":2},"p":{"a":0,"k":[0,0],"ix":3},"r":{"a":0,"k":0,"ix":4},"nm":"矩形路径 1","mn":"ADBE Vector Shape - Rect","hd":false},{"ty":"st","c":{"a":0,"k":[0.913725490196,0.854901960784,0.090196078431,1],"ix":3},"o":{"a":0,"k":100,"ix":4},"w":{"a":0,"k":6,"ix":5},"lc":1,"lj":1,"ml":4,"nm":"描边 1","mn":"ADBE Vector Graphic - Stroke","hd":false},{"ty":"tr","p":{"a":0,"k":[-184,333.5],"ix":2},"a":{"a":0,"k":[0,0],"ix":1},"s":{"a":0,"k":[100,100],"ix":3},"r":{"a":0,"k":0,"ix":6},"o":{"a":0,"k":100,"ix":7},"sk":{"a":0,"k":0,"ix":4},"sa":{"a":0,"k":0,"ix":5},"nm":"变换"}],"nm":"矩形 1","np":3,"cix":2,"ix":1,"mn":"ADBE Vector Group","hd":false}],"ip":182,"op":262,"st":182,"bm":0},{"ddd":0,"ind":6,"ty":2,"nm":"看多.png","cl":"png","refId":"image_1","sr":1,"ks":{"o":{"a":1,"k":[{"i":{"x":[0.833],"y":[0.833]},"o":{"x":[0.167],"y":[0.167]},"n":["0p833_0p833_0p167_0p167"],"t":127,"s":[0],"e":[100]},{"i":{"x":[0.833],"y":[0.833]},"o":{"x":[0.167],"y":[0.167]},"n":["0p833_0p833_0p167_0p167"],"t":141,"s":[100],"e":[0]},{"i":{"x":[0.833],"y":[0.833]},"o":{"x":[0.167],"y":[0.167]},"n":["0p833_0p833_0p167_0p167"],"t":154,"s":[0],"e":[100]},{"t":166}],"ix":11},"r":{"a":0,"k":-117.519,"ix":10},"p":{"a":0,"k":[631,581.5,0],"ix":2},"a":{"a":0,"k":[61,47,0],"ix":1},"s":{"a":0,"k":[220.636,220.636,100],"ix":6}},"ao":0,"ip":127,"op":184,"st":127,"bm":0},{"ddd":0,"ind":7,"ty":2,"nm":"mouse.png","cl":"png","refId":"image_0","sr":1,"ks":{"o":{"a":1,"k":[{"i":{"x":[0.833],"y":[0.833]},"o":{"x":[0.167],"y":[0.167]},"n":["0p833_0p833_0p167_0p167"],"t":247,"s":[100],"e":[0]},{"t":251}],"ix":11},"r":{"a":0,"k":-60.987,"ix":10},"p":{"a":1,"k":[{"i":{"x":0.833,"y":0.833},"o":{"x":0.167,"y":0.167},"n":"0p833_0p833_0p167_0p167","t":196,"s":[-81,681.5,0],"e":[594,1257.5,0],"to":[112.5,96,0],"ti":[-112.5,-96,0]},{"t":219}],"ix":2},"a":{"a":0,"k":[296.5,254.5,0],"ix":1},"s":{"a":0,"k":[13.288,13.288,100],"ix":6}},"ao":0,"ip":196,"op":265,"st":196,"bm":0},{"ddd":0,"ind":8,"ty":0,"nm":"touch","refId":"comp_0","sr":1,"ks":{"o":{"a":0,"k":100,"ix":11},"r":{"a":0,"k":0,"ix":10},"p":{"a":0,"k":[91,493.5,0],"ix":2},"a":{"a":0,"k":[50,50,0],"ix":1},"s":{"a":0,"k":[100,100,100],"ix":6}},"ao":0,"w":100,"h":100,"ip":27,"op":97,"st":27,"bm":0},{"ddd":0,"ind":9,"ty":2,"nm":"看空.png","cl":"png","refId":"image_2","sr":1,"ks":{"o":{"a":1,"k":[{"i":{"x":[0.833],"y":[0.833]},"o":{"x":[0.167],"y":[0.167]},"n":["0p833_0p833_0p167_0p167"],"t":69,"s":[0],"e":[100]},{"i":{"x":[0.833],"y":[0.833]},"o":{"x":[0.167],"y":[0.167]},"n":["0p833_0p833_0p167_0p167"],"t":83,"s":[100],"e":[0]},{"i":{"x":[0.833],"y":[0.833]},"o":{"x":[0.167],"y":[0.167]},"n":["0p833_0p833_0p167_0p167"],"t":96,"s":[0],"e":[100]},{"t":108}],"ix":11},"r":{"a":0,"k":8.89,"ix":10},"p":{"a":0,"k":[595,801.5,0],"ix":2},"a":{"a":0,"k":[62.5,59,0],"ix":1},"s":{"a":0,"k":[259.427,259.427,100],"ix":6}},"ao":0,"ip":69,"op":127,"st":69,"bm":0},{"ddd":0,"ind":10,"ty":2,"nm":"trade-交易金额.png","cl":"png","refId":"image_3","sr":1,"ks":{"o":{"a":0,"k":100,"ix":11},"r":{"a":0,"k":0,"ix":10},"p":{"a":0,"k":[375,645.5,0],"ix":2},"a":{"a":0,"k":[375,645.5,0],"ix":1},"s":{"a":0,"k":[100,100,100],"ix":6}},"ao":0,"ip":210,"op":258,"st":210,"bm":0},{"ddd":0,"ind":11,"ty":2,"nm":"trade-最终.png","cl":"png","refId":"image_4","sr":1,"ks":{"o":{"a":0,"k":100,"ix":11},"r":{"a":0,"k":0,"ix":10},"p":{"a":1,"k":[{"i":{"x":0.833,"y":0.777},"o":{"x":0.167,"y":0.167},"n":"0p833_0p777_0p167_0p167","t":399,"s":[-409,645.5,0],"e":[374,645.5,0],"to":[130.5,0,0],"ti":[-130.5,0,0]},{"t":407}],"ix":2},"a":{"a":0,"k":[375,645.5,0],"ix":1},"s":{"a":0,"k":[100,100,100],"ix":6}},"ao":0,"ip":399,"op":438,"st":399,"bm":0},{"ddd":0,"ind":12,"ty":2,"nm":"mouse.png","cl":"png","refId":"image_0","sr":1,"ks":{"o":{"a":1,"k":[{"i":{"x":[0.833],"y":[0.833]},"o":{"x":[0.167],"y":[0.167]},"n":["0p833_0p833_0p167_0p167"],"t":392,"s":[100],"e":[0]},{"t":396}],"ix":11},"r":{"a":0,"k":-114.4,"ix":10},"p":{"a":1,"k":[{"i":{"x":0.833,"y":0.833},"o":{"x":0.167,"y":0.167},"n":"0p833_0p833_0p167_0p167","t":341,"s":[815,593.5,0],"e":[498,1253.5,0],"to":[-52.8333320617676,110,0],"ti":[52.8333320617676,-110,0]},{"t":364}],"ix":2},"a":{"a":0,"k":[296.5,254.5,0],"ix":1},"s":{"a":0,"k":[13.288,13.288,100],"ix":6}},"ao":0,"ip":341,"op":427,"st":341,"bm":0},{"ddd":0,"ind":13,"ty":0,"nm":"touch","refId":"comp_0","sr":1,"ks":{"o":{"a":0,"k":100,"ix":11},"r":{"a":0,"k":0,"ix":10},"p":{"a":0,"k":[467,1229.5,0],"ix":2},"a":{"a":0,"k":[50,50,0],"ix":1},"s":{"a":0,"k":[100,100,100],"ix":6}},"ao":0,"w":100,"h":100,"ip":364,"op":434,"st":364,"bm":0},{"ddd":0,"ind":14,"ty":2,"nm":"trade-首页.png","cl":"png","refId":"image_5","sr":1,"ks":{"o":{"a":0,"k":100,"ix":11},"r":{"a":0,"k":0,"ix":10},"p":{"a":1,"k":[{"i":{"x":0.833,"y":0.75},"o":{"x":0.167,"y":0.167},"n":"0p833_0p75_0p167_0p167","t":331,"s":[-409,645.5,0],"e":[375,645.5,0],"to":[130.66667175293,0,0],"ti":[-130.66667175293,0,0]},{"t":340}],"ix":2},"a":{"a":0,"k":[375,645.5,0],"ix":1},"s":{"a":0,"k":[100,100,100],"ix":6}},"ao":0,"ip":331,"op":422,"st":331,"bm":0},{"ddd":0,"ind":15,"ty":2,"nm":"mouse.png","cl":"png","refId":"image_0","sr":1,"ks":{"o":{"a":1,"k":[{"i":{"x":[0.833],"y":[0.833]},"o":{"x":[0.167],"y":[0.167]},"n":["0p833_0p833_0p167_0p167"],"t":324,"s":[100],"e":[0]},{"t":328}],"ix":11},"r":{"a":0,"k":-96.957,"ix":10},"p":{"a":1,"k":[{"i":{"x":0.833,"y":0.833},"o":{"x":0.167,"y":0.167},"n":"0p833_0p833_0p167_0p167","t":273,"s":[815,593.5,0],"e":[62,89.5,0],"to":[-125.5,-84,0],"ti":[125.5,84,0]},{"t":296}],"ix":2},"a":{"a":0,"k":[296.5,254.5,0],"ix":1},"s":{"a":0,"k":[13.288,13.288,100],"ix":6}},"ao":0,"ip":273,"op":342,"st":273,"bm":0},{"ddd":0,"ind":16,"ty":0,"nm":"touch","refId":"comp_0","sr":1,"ks":{"o":{"a":0,"k":100,"ix":11},"r":{"a":0,"k":0,"ix":10},"p":{"a":0,"k":[35,30.5,0],"ix":2},"a":{"a":0,"k":[50,50,0],"ix":1},"s":{"a":0,"k":[100,100,100],"ix":6}},"ao":0,"w":100,"h":100,"ip":295,"op":365,"st":295,"bm":0},{"ddd":0,"ind":17,"ty":2,"nm":"trade-交易弹窗.png","cl":"png","refId":"image_6","sr":1,"ks":{"o":{"a":0,"k":100,"ix":11},"r":{"a":0,"k":0,"ix":10},"p":{"a":0,"k":[375,645.5,0],"ix":2},"a":{"a":0,"k":[375,645.5,0],"ix":1},"s":{"a":0,"k":[100,100,100],"ix":6}},"ao":0,"ip":257,"op":360,"st":257,"bm":0},{"ddd":0,"ind":18,"ty":2,"nm":"trade-交易界面.png","cl":"png","refId":"image_7","sr":1,"ks":{"o":{"a":0,"k":100,"ix":11},"r":{"a":0,"k":0,"ix":10},"p":{"a":1,"k":[{"i":{"x":0.833,"y":0.833},"o":{"x":0.167,"y":0.167},"n":"0p833_0p833_0p167_0p167","t":59,"s":[1147,645.5,0],"e":[375,645.5,0],"to":[-128.66667175293,0,0],"ti":[128.66667175293,0,0]},{"t":69}],"ix":2},"a":{"a":0,"k":[375,645.5,0],"ix":1},"s":{"a":0,"k":[100,100,100],"ix":6}},"ao":0,"ip":59,"op":281,"st":59,"bm":0},{"ddd":0,"ind":19,"ty":2,"nm":"trade-首页.png","cl":"png","refId":"image_5","sr":1,"ks":{"o":{"a":0,"k":100,"ix":11},"r":{"a":0,"k":0,"ix":10},"p":{"a":0,"k":[375,645.5,0],"ix":2},"a":{"a":0,"k":[375,645.5,0],"ix":1},"s":{"a":0,"k":[100,100,100],"ix":6}},"ao":0,"ip":0,"op":77,"st":0,"bm":0}],"markers":[]}