{"v":"5.1.20","fr":25,"ip":0,"op":575,"w":750,"h":1291,"nm":"合成 1","ddd":0,"assets":[{"id":"image_0","w":593,"h":509,"u":"images/","p":"img_0.png","e":0},{"id":"image_1","w":750,"h":1291,"u":"images/","p":"img_1.png","e":0},{"id":"image_2","w":588,"h":1291,"u":"images/","p":"img_2.png","e":0},{"id":"image_3","w":750,"h":1291,"u":"images/","p":"img_3.png","e":0},{"id":"image_4","w":750,"h":1291,"u":"images/","p":"img_4.png","e":0},{"id":"image_5","w":750,"h":1291,"u":"images/","p":"img_5.png","e":0},{"id":"image_6","w":750,"h":476,"u":"images/","p":"img_6.png","e":0},{"id":"image_7","w":750,"h":480,"u":"images/","p":"img_7.png","e":0},{"id":"image_8","w":750,"h":1794,"u":"images/","p":"img_8.png","e":0},{"id":"comp_0","layers":[{"ddd":0,"ind":1,"ty":1,"nm":"白色 纯色 1","sr":1,"ks":{"o":{"a":1,"k":[{"i":{"x":[0.667],"y":[1]},"o":{"x":[0.333],"y":[0]},"n":["0p667_1_0p333_0"],"t":5,"s":[50],"e":[50]},{"t":20}],"ix":11},"r":{"a":0,"k":0,"ix":10},"p":{"a":0,"k":[50,50,0],"ix":2},"a":{"a":0,"k":[50,50,0],"ix":1},"s":{"a":1,"k":[{"i":{"x":[0.667,0.667,0.667],"y":[1,1,1]},"o":{"x":[0.333,0.333,0.333],"y":[0,0,0]},"n":["0p667_1_0p333_0","0p667_1_0p333_0","0p667_1_0p333_0"],"t":5,"s":[0,0,100],"e":[100,100,100]},{"i":{"x":[0.667,0.667,0.667],"y":[1,1,1]},"o":{"x":[0.333,0.333,0.333],"y":[0,0,0]},"n":["0p667_1_0p333_0","0p667_1_0p333_0","0p667_1_0p333_0"],"t":20,"s":[100,100,100],"e":[72,72,100]},{"t":25}],"ix":6}},"ao":0,"hasMask":true,"masksProperties":[{"inv":false,"mode":"a","pt":{"a":0,"k":{"i":[[27.614,0],[0,-27.614],[-27.614,0],[0,27.614]],"o":[[-27.614,0],[0,27.614],[27.614,0],[0,-27.614]],"v":[[50,0],[0,50],[50,100],[100,50]],"c":true},"ix":1},"o":{"a":0,"k":100,"ix":3},"x":{"a":0,"k":0,"ix":4},"nm":"蒙版 1"}],"sw":100,"sh":100,"sc":"#ffffff","ip":5,"op":31,"st":5,"bm":0},{"ddd":0,"ind":2,"ty":1,"nm":"白色 纯色 1","sr":1,"ks":{"o":{"a":1,"k":[{"i":{"x":[0.667],"y":[1]},"o":{"x":[0.333],"y":[0]},"n":["0p667_1_0p333_0"],"t":0,"s":[50],"e":[50]},{"t":15}],"ix":11},"r":{"a":0,"k":0,"ix":10},"p":{"a":0,"k":[50,50,0],"ix":2},"a":{"a":0,"k":[50,50,0],"ix":1},"s":{"a":1,"k":[{"i":{"x":[0.667,0.667,0.667],"y":[1,1,1]},"o":{"x":[0.333,0.333,0.333],"y":[0,0,0]},"n":["0p667_1_0p333_0","0p667_1_0p333_0","0p667_1_0p333_0"],"t":0,"s":[0,0,100],"e":[100,100,100]},{"i":{"x":[0.667,0.667,0.667],"y":[1,1,1]},"o":{"x":[0.333,0.333,0.333],"y":[0,0,0]},"n":["0p667_1_0p333_0","0p667_1_0p333_0","0p667_1_0p333_0"],"t":15,"s":[100,100,100],"e":[72,72,100]},{"t":20}],"ix":6}},"ao":0,"hasMask":true,"masksProperties":[{"inv":false,"mode":"a","pt":{"a":0,"k":{"i":[[27.614,0],[0,-27.614],[-27.614,0],[0,27.614]],"o":[[-27.614,0],[0,27.614],[27.614,0],[0,-27.614]],"v":[[50,0],[0,50],[50,100],[100,50]],"c":true},"ix":1},"o":{"a":0,"k":100,"ix":3},"x":{"a":0,"k":0,"ix":4},"nm":"蒙版 1"}],"sw":100,"sh":100,"sc":"#ffffff","ip":0,"op":26,"st":0,"bm":0}]}],"layers":[{"ddd":0,"ind":1,"ty":2,"nm":"mouse.png","cl":"png","refId":"image_0","sr":1,"ks":{"o":{"a":0,"k":100,"ix":11},"r":{"a":0,"k":-110.398,"ix":10},"p":{"a":1,"k":[{"i":{"x":0.833,"y":0.833},"o":{"x":0.167,"y":0.167},"n":"0p833_0p833_0p167_0p167","t":499,"s":[847,1073.5,0],"e":[243,829.5,0],"to":[-100.666664123535,-40.6666679382324,0],"ti":[100.666664123535,40.6666679382324,0]},{"t":514}],"ix":2},"a":{"a":0,"k":[296.5,254.5,0],"ix":1},"s":{"a":0,"k":[14.334,14.334,100],"ix":6}},"ao":0,"ip":499,"op":540,"st":204,"bm":0},{"ddd":0,"ind":2,"ty":0,"nm":"touch","refId":"comp_0","sr":1,"ks":{"o":{"a":0,"k":100,"ix":11},"r":{"a":0,"k":0,"ix":10},"p":{"a":0,"k":[211,780.5,0],"ix":2},"a":{"a":0,"k":[50,50,0],"ix":1},"s":{"a":0,"k":[100,100,100],"ix":6}},"ao":0,"w":100,"h":100,"ip":514,"op":567,"st":514,"bm":0},{"ddd":0,"ind":3,"ty":2,"nm":"mouse.png","cl":"png","refId":"image_0","sr":1,"ks":{"o":{"a":0,"k":100,"ix":11},"r":{"a":0,"k":-110.398,"ix":10},"p":{"a":1,"k":[{"i":{"x":0.833,"y":0.833},"o":{"x":0.167,"y":0.167},"n":"0p833_0p833_0p167_0p167","t":440,"s":[811,645.5,0],"e":[103,105.5,0],"to":[-118,-90,0],"ti":[118,90,0]},{"t":455}],"ix":2},"a":{"a":0,"k":[296.5,254.5,0],"ix":1},"s":{"a":0,"k":[14.334,14.334,100],"ix":6}},"ao":0,"ip":440,"op":481,"st":145,"bm":0},{"ddd":0,"ind":4,"ty":0,"nm":"touch","refId":"comp_0","sr":1,"ks":{"o":{"a":0,"k":100,"ix":11},"r":{"a":0,"k":0,"ix":10},"p":{"a":0,"k":[67,52.5,0],"ix":2},"a":{"a":0,"k":[50,50,0],"ix":1},"s":{"a":0,"k":[100,100,100],"ix":6}},"ao":0,"w":100,"h":100,"ip":455,"op":508,"st":455,"bm":0},{"ddd":0,"ind":5,"ty":2,"nm":"mouse.png","cl":"png","refId":"image_0","sr":1,"ks":{"o":{"a":0,"k":100,"ix":11},"r":{"a":0,"k":-110.398,"ix":10},"p":{"a":1,"k":[{"i":{"x":0.833,"y":0.833},"o":{"x":0.167,"y":0.167},"n":"0p833_0p833_0p167_0p167","t":384,"s":[811,645.5,0],"e":[71,77.5,0],"to":[-123.333335876465,-94.6666641235352,0],"ti":[123.333335876465,94.6666641235352,0]},{"t":399}],"ix":2},"a":{"a":0,"k":[296.5,254.5,0],"ix":1},"s":{"a":0,"k":[14.334,14.334,100],"ix":6}},"ao":0,"ip":384,"op":431,"st":89,"bm":0},{"ddd":0,"ind":6,"ty":0,"nm":"touch","refId":"comp_0","sr":1,"ks":{"o":{"a":0,"k":100,"ix":11},"r":{"a":0,"k":0,"ix":10},"p":{"a":0,"k":[37,35.5,0],"ix":2},"a":{"a":0,"k":[50,50,0],"ix":1},"s":{"a":0,"k":[100,100,100],"ix":6}},"ao":0,"w":100,"h":100,"ip":400,"op":453,"st":400,"bm":0},{"ddd":0,"ind":7,"ty":2,"nm":"mouse.png","cl":"png","refId":"image_0","sr":1,"ks":{"o":{"a":0,"k":100,"ix":11},"r":{"a":0,"k":-110.398,"ix":10},"p":{"a":1,"k":[{"i":{"x":0.833,"y":0.833},"o":{"x":0.167,"y":0.167},"n":"0p833_0p833_0p167_0p167","t":334,"s":[819,1033.5,0],"e":[255,773.5,0],"to":[-94,-43.3333320617676,0],"ti":[94,43.3333320617676,0]},{"t":349}],"ix":2},"a":{"a":0,"k":[296.5,254.5,0],"ix":1},"s":{"a":0,"k":[14.334,14.334,100],"ix":6}},"ao":0,"ip":334,"op":379,"st":39,"bm":0},{"ddd":0,"ind":8,"ty":0,"nm":"touch","refId":"comp_0","sr":1,"ks":{"o":{"a":0,"k":100,"ix":11},"r":{"a":0,"k":0,"ix":10},"p":{"a":0,"k":[229,727.5,0],"ix":2},"a":{"a":0,"k":[50,50,0],"ix":1},"s":{"a":0,"k":[100,100,100],"ix":6}},"ao":0,"w":100,"h":100,"ip":350,"op":403,"st":350,"bm":0},{"ddd":0,"ind":9,"ty":2,"nm":"mouse.png","cl":"png","refId":"image_0","sr":1,"ks":{"o":{"a":0,"k":100,"ix":11},"r":{"a":0,"k":-110.398,"ix":10},"p":{"a":1,"k":[{"i":{"x":0.833,"y":0.833},"o":{"x":0.167,"y":0.167},"n":"0p833_0p833_0p167_0p167","t":284,"s":[811,637.5,0],"e":[395,1261.5,0],"to":[-69.3333358764648,104,0],"ti":[69.3333358764648,-104,0]},{"t":298}],"ix":2},"a":{"a":0,"k":[296.5,254.5,0],"ix":1},"s":{"a":0,"k":[14.334,14.334,100],"ix":6}},"ao":0,"ip":284,"op":326,"st":-11,"bm":0},{"ddd":0,"ind":10,"ty":0,"nm":"touch","refId":"comp_0","sr":1,"ks":{"o":{"a":0,"k":100,"ix":11},"r":{"a":0,"k":0,"ix":10},"p":{"a":0,"k":[371,1225.5,0],"ix":2},"a":{"a":0,"k":[50,50,0],"ix":1},"s":{"a":0,"k":[100,100,100],"ix":6}},"ao":0,"w":100,"h":100,"ip":298,"op":348,"st":298,"bm":0},{"ddd":0,"ind":11,"ty":2,"nm":"mouse.png","cl":"png","refId":"image_0","sr":1,"ks":{"o":{"a":0,"k":100,"ix":11},"r":{"a":0,"k":-103.649,"ix":10},"p":{"a":1,"k":[{"i":{"x":0.833,"y":0.833},"o":{"x":0.167,"y":0.167},"n":"0p833_0p833_0p167_0p167","t":230,"s":[835,1077.5,0],"e":[550,685.5,0],"to":[-47.5,-65.3333358764648,0],"ti":[47.5,65.3333358764648,0]},{"t":240}],"ix":2},"a":{"a":0,"k":[296.5,254.5,0],"ix":1},"s":{"a":0,"k":[15.28,15.28,100],"ix":6}},"ao":0,"ip":230,"op":273,"st":230,"bm":0},{"ddd":0,"ind":12,"ty":0,"nm":"touch","refId":"comp_0","sr":1,"ks":{"o":{"a":0,"k":100,"ix":11},"r":{"a":0,"k":0,"ix":10},"p":{"a":0,"k":[523,629.5,0],"ix":2},"a":{"a":0,"k":[50,50,0],"ix":1},"s":{"a":0,"k":[124,124,100],"ix":6}},"ao":0,"w":100,"h":100,"ip":240,"op":284,"st":240,"bm":0},{"ddd":0,"ind":13,"ty":2,"nm":"mouse.png","cl":"png","refId":"image_0","sr":1,"ks":{"o":{"a":1,"k":[{"i":{"x":[0.833],"y":[0.833]},"o":{"x":[0.167],"y":[0.167]},"n":["0p833_0p833_0p167_0p167"],"t":225,"s":[100],"e":[0]},{"t":227}],"ix":11},"r":{"a":0,"k":-124.269,"ix":10},"p":{"a":1,"k":[{"i":{"x":0.833,"y":0.871},"o":{"x":0.167,"y":0.167},"n":"0p833_0p871_0p167_0p167","t":191,"s":[813,567.5,0],"e":[385,1147.5,0],"to":[-71.3333358764648,96.6666641235352,0],"ti":[71.3333358764648,-96.6666641235352,0]},{"i":{"x":0.833,"y":0.833},"o":{"x":0.167,"y":0.167},"n":"0p833_0p833_0p167_0p167","t":208,"s":[385,1147.5,0],"e":[385,1147.5,0],"to":[0,0,0],"ti":[0,0,0]},{"i":{"x":0.833,"y":0.924},"o":{"x":0.167,"y":0.123},"n":"0p833_0p924_0p167_0p123","t":213,"s":[385,1147.5,0],"e":[385,537.5,0],"to":[0,-101.666664123535,0],"ti":[0,101.666664123535,0]},{"t":227}],"ix":2},"a":{"a":0,"k":[296.5,254.5,0],"ix":1},"s":{"a":0,"k":[15.945,15.945,100],"ix":6}},"ao":0,"ip":191,"op":276,"st":62,"bm":0},{"ddd":0,"ind":14,"ty":0,"nm":"touch","refId":"comp_0","sr":1,"ks":{"o":{"a":0,"k":100,"ix":11},"r":{"a":0,"k":0,"ix":10},"p":{"a":0,"k":[375,1213.5,0],"ix":2},"a":{"a":0,"k":[50,50,0],"ix":1},"s":{"a":0,"k":[100,100,100],"ix":6}},"ao":0,"w":100,"h":100,"ip":230,"op":281,"st":230,"bm":0},{"ddd":0,"ind":15,"ty":2,"nm":"mouse.png","cl":"png","refId":"image_0","sr":1,"ks":{"o":{"a":1,"k":[{"i":{"x":[0.833],"y":[0.833]},"o":{"x":[0.167],"y":[0.167]},"n":["0p833_0p833_0p167_0p167"],"t":181,"s":[100],"e":[0]},{"t":183}],"ix":11},"r":{"a":0,"k":-124.269,"ix":10},"p":{"a":1,"k":[{"i":{"x":0.833,"y":0.833},"o":{"x":0.167,"y":0.167},"n":"0p833_0p833_0p167_0p167","t":108,"s":[845,635.5,0],"e":[648,232.5,0],"to":[-32.8333320617676,-67.1666641235352,0],"ti":[32.8333320617676,67.1666641235352,0]},{"t":145}],"ix":2},"a":{"a":0,"k":[296.5,254.5,0],"ix":1},"s":{"a":0,"k":[15.945,15.945,100],"ix":6}},"ao":0,"ip":108,"op":177,"st":-21,"bm":0},{"ddd":0,"ind":16,"ty":0,"nm":"touch","refId":"comp_0","sr":1,"ks":{"o":{"a":0,"k":100,"ix":11},"r":{"a":0,"k":0,"ix":10},"p":{"a":0,"k":[621,183.5,0],"ix":2},"a":{"a":0,"k":[50,50,0],"ix":1},"s":{"a":0,"k":[108,108,100],"ix":6}},"ao":0,"w":100,"h":100,"ip":147,"op":202,"st":147,"bm":0},{"ddd":0,"ind":17,"ty":2,"nm":"mouse.png","cl":"png","refId":"image_0","sr":1,"ks":{"o":{"a":0,"k":100,"ix":11},"r":{"a":0,"k":-110.806,"ix":10},"p":{"a":1,"k":[{"i":{"x":0.833,"y":0.833},"o":{"x":0.167,"y":0.167},"n":"0p833_0p833_0p167_0p167","t":0,"s":[814,634.5,0],"e":[163,260.5,0],"to":[-108.5,-62.3333320617676,0],"ti":[108.5,62.3333320617676,0]},{"t":24}],"ix":2},"a":{"a":0,"k":[296.5,254.5,0],"ix":1},"s":{"a":0,"k":[13.403,13.403,100],"ix":6}},"ao":0,"ip":0,"op":51,"st":0,"bm":0},{"ddd":0,"ind":18,"ty":0,"nm":"touch","refId":"comp_0","sr":1,"ks":{"o":{"a":0,"k":100,"ix":11},"r":{"a":0,"k":0,"ix":10},"p":{"a":0,"k":[139,198.5,0],"ix":2},"a":{"a":0,"k":[50,50,0],"ix":1},"s":{"a":0,"k":[100,100,100],"ix":6}},"ao":0,"w":100,"h":100,"ip":25,"op":76,"st":25,"bm":0},{"ddd":0,"ind":19,"ty":2,"nm":"coupon4.png","cl":"png","refId":"image_1","sr":1,"ks":{"o":{"a":0,"k":100,"ix":11},"r":{"a":0,"k":0,"ix":10},"p":{"a":1,"k":[{"i":{"x":0.833,"y":0.897},"o":{"x":0.167,"y":0.167},"n":"0p833_0p897_0p167_0p167","t":544,"s":[1139,648,0],"e":[375,648,0],"to":[-127.333335876465,0,0],"ti":[127.333335876465,0,0]},{"t":552}],"ix":2},"a":{"a":0,"k":[375,645.5,0],"ix":1},"s":{"a":0,"k":[100,100,100],"ix":6}},"ao":0,"ip":544,"op":575,"st":295,"bm":0},{"ddd":0,"ind":20,"ty":2,"nm":"左侧抽屉.png","cl":"png","refId":"image_2","sr":1,"ks":{"o":{"a":0,"k":100,"ix":11},"r":{"a":0,"k":0,"ix":10},"p":{"a":1,"k":[{"i":{"x":0.833,"y":0.833},"o":{"x":0.167,"y":0.167},"n":"0p833_0p833_0p167_0p167","t":488,"s":[-293,645.5,0],"e":[291,645.5,0],"to":[97.3333358764648,0,0],"ti":[-97.3333358764648,0,0]},{"t":499}],"ix":2},"a":{"a":0,"k":[294,645.5,0],"ix":1},"s":{"a":0,"k":[100,100,100],"ix":6}},"ao":0,"ip":488,"op":575,"st":90,"bm":0},{"ddd":0,"ind":21,"ty":2,"nm":"home.jpg","cl":"jpg","refId":"image_3","sr":1,"ks":{"o":{"a":0,"k":100,"ix":11},"r":{"a":0,"k":0,"ix":10},"p":{"a":1,"k":[{"i":{"x":0.833,"y":0.976},"o":{"x":0.167,"y":0.167},"n":"0p833_0p976_0p167_0p167","t":432,"s":[-396,645.5,0],"e":[375,645.5,0],"to":[128.5,0,0],"ti":[-128.5,0,0]},{"i":{"x":0.833,"y":0.833},"o":{"x":0.167,"y":0.167},"n":"0p833_0p833_0p167_0p167","t":440,"s":[375,645.5,0],"e":[375,645.5,0],"to":[0,0,0],"ti":[0,0,0]},{"i":{"x":0.833,"y":0.833},"o":{"x":0.167,"y":0.031},"n":"0p833_0p833_0p167_0p031","t":488,"s":[375,645.5,0],"e":[960,645.5,0],"to":[97.5,0,0],"ti":[-97.5,0,0]},{"t":499}],"ix":2},"a":{"a":0,"k":[375,645.5,0],"ix":1},"s":{"a":0,"k":[100,100,100],"ix":6}},"ao":0,"ip":432,"op":575,"st":179,"bm":0},{"ddd":0,"ind":22,"ty":2,"nm":"coupon5.png","cl":"png","refId":"image_4","sr":1,"ks":{"o":{"a":1,"k":[{"i":{"x":[0.833],"y":[0.833]},"o":{"x":[0.167],"y":[0.167]},"n":["0p833_0p833_0p167_0p167"],"t":330,"s":[0],"e":[100]},{"i":{"x":[0.833],"y":[0.833]},"o":{"x":[0.167],"y":[0.167]},"n":["0p833_0p833_0p167_0p167"],"t":334,"s":[100],"e":[100]},{"i":{"x":[0.833],"y":[0.833]},"o":{"x":[0.167],"y":[0.167]},"n":["0p833_0p833_0p167_0p167"],"t":381,"s":[100],"e":[0]},{"t":384}],"ix":11},"r":{"a":0,"k":0,"ix":10},"p":{"a":0,"k":[375,645.5,0],"ix":2},"a":{"a":0,"k":[375,645.5,0],"ix":1},"s":{"a":0,"k":[100,100,100],"ix":6}},"ao":0,"ip":330,"op":575,"st":182,"bm":0},{"ddd":0,"ind":23,"ty":2,"nm":"coupon3.png","cl":"png","refId":"image_5","sr":1,"ks":{"o":{"a":0,"k":100,"ix":11},"r":{"a":0,"k":0,"ix":10},"p":{"a":1,"k":[{"i":{"x":0.833,"y":0.833},"o":{"x":0.167,"y":0.167},"n":"0p833_0p833_0p167_0p167","t":274,"s":[375,1973.5,0],"e":[375,643.5,0],"to":[0,-221.66667175293,0],"ti":[0,221.66667175293,0]},{"t":282}],"ix":2},"a":{"a":0,"k":[375,645.5,0],"ix":1},"s":{"a":0,"k":[100,100,100],"ix":6}},"ao":0,"ip":274,"op":575,"st":126,"bm":0},{"ddd":0,"ind":24,"ty":2,"nm":"已签到.png","cl":"png","refId":"image_6","sr":1,"ks":{"o":{"a":0,"k":100,"ix":11},"r":{"a":0,"k":0,"ix":10},"p":{"a":0,"k":[375,239.5,0],"ix":2},"a":{"a":0,"k":[375,238,0],"ix":1},"s":{"a":0,"k":[100,100,100],"ix":6}},"ao":0,"ip":181,"op":575,"st":135,"bm":0},{"ddd":0,"ind":25,"ty":2,"nm":"home.jpg","cl":"jpg","refId":"image_3","sr":1,"ks":{"o":{"a":0,"k":100,"ix":11},"r":{"a":0,"k":0,"ix":10},"p":{"a":1,"k":[{"i":{"x":0.833,"y":0.833},"o":{"x":0.167,"y":0.167},"n":"0p833_0p833_0p167_0p167","t":0,"s":[375,645.5,0],"e":[375,645.5,0],"to":[0,0,0],"ti":[0,0,0]},{"i":{"x":0.833,"y":0.833},"o":{"x":0.167,"y":0.167},"n":"0p833_0p833_0p167_0p167","t":12,"s":[375,645.5,0],"e":[563,990.5,0],"to":[0,0,0],"ti":[0,0,0]},{"i":{"x":0.833,"y":0.833},"o":{"x":0.167,"y":0.167},"n":"0p833_0p833_0p167_0p167","t":24,"s":[563,990.5,0],"e":[563,990.5,0],"to":[0,0,0],"ti":[0,0,0]},{"i":{"x":0.833,"y":0.833},"o":{"x":0.167,"y":0.167},"n":"0p833_0p833_0p167_0p167","t":49,"s":[563,990.5,0],"e":[375,645.5,0],"to":[0,0,0],"ti":[0,0,0]},{"i":{"x":0.833,"y":0.833},"o":{"x":0.167,"y":0.167},"n":"0p833_0p833_0p167_0p167","t":72,"s":[375,645.5,0],"e":[375,645.5,0],"to":[0,0,0],"ti":[0,0,0]},{"i":{"x":0.833,"y":0.833},"o":{"x":0.167,"y":0.167},"n":"0p833_0p833_0p167_0p167","t":85,"s":[375,645.5,0],"e":[-375,645.5,0],"to":[-125,0,0],"ti":[131.66667175293,0,0]},{"i":{"x":0.833,"y":0.833},"o":{"x":0.167,"y":0.167},"n":"0p833_0p833_0p167_0p167","t":96,"s":[-375,645.5,0],"e":[-415,645.5,0],"to":[-131.66667175293,0,0],"ti":[6.66666650772095,0,0]},{"t":97}],"ix":2},"a":{"a":0,"k":[375,645.5,0],"ix":1},"s":{"a":1,"k":[{"i":{"x":[0.833,0.833,0.833],"y":[0.833,0.833,0.833]},"o":{"x":[0.167,0.167,0.167],"y":[0.167,0.167,0.167]},"n":["0p833_0p833_0p167_0p167","0p833_0p833_0p167_0p167","0p833_0p833_0p167_0p167"],"t":0,"s":[100,100,100],"e":[100,100,100]},{"i":{"x":[0.833,0.833,0.833],"y":[0.833,0.833,0.833]},"o":{"x":[0.167,0.167,0.167],"y":[0.167,0.167,0.167]},"n":["0p833_0p833_0p167_0p167","0p833_0p833_0p167_0p167","0p833_0p833_0p167_0p167"],"t":12,"s":[100,100,100],"e":[156,156,100]},{"i":{"x":[0.833,0.833,0.833],"y":[0.833,0.833,0.833]},"o":{"x":[0.167,0.167,0.167],"y":[0.167,0.167,0.167]},"n":["0p833_0p833_0p167_0p167","0p833_0p833_0p167_0p167","0p833_0p833_0p167_0p167"],"t":24,"s":[156,156,100],"e":[156,156,100]},{"i":{"x":[0.833,0.833,0.833],"y":[0.833,0.833,0.833]},"o":{"x":[0.167,0.167,0.167],"y":[0.167,0.167,0.167]},"n":["0p833_0p833_0p167_0p167","0p833_0p833_0p167_0p167","0p833_0p833_0p167_0p167"],"t":49,"s":[156,156,100],"e":[100,100,100]},{"t":72}],"ix":6}},"ao":0,"ip":0,"op":500,"st":0,"bm":0},{"ddd":0,"ind":26,"ty":2,"nm":"未签到.png","cl":"png","refId":"image_7","sr":1,"ks":{"o":{"a":0,"k":100,"ix":11},"r":{"a":0,"k":0,"ix":10},"p":{"a":1,"k":[{"i":{"x":0.833,"y":0.833},"o":{"x":0.167,"y":0.167},"n":"0p833_0p833_0p167_0p167","t":85,"s":[1123.5,239.5,0],"e":[375,239.5,0],"to":[0,0,0],"ti":[0,0,0]},{"t":96}],"ix":2},"a":{"a":0,"k":[375,240,0],"ix":1},"s":{"a":0,"k":[100,100,100],"ix":6}},"ao":0,"ip":84,"op":525,"st":25,"bm":0},{"ddd":0,"ind":27,"ty":2,"nm":"优惠券.png","cl":"png","refId":"image_8","sr":1,"ks":{"o":{"a":0,"k":100,"ix":11},"r":{"a":0,"k":0,"ix":10},"p":{"a":1,"k":[{"i":{"x":0.833,"y":0.833},"o":{"x":0.167,"y":0.167},"n":"0p833_0p833_0p167_0p167","t":85,"s":[1123,1373.5,0],"e":[375,1373.5,0],"to":[-124.666664123535,0,0],"ti":[124.666664123535,0,0]},{"i":{"x":0.833,"y":0.833},"o":{"x":0.167,"y":0.167},"n":"0p833_0p833_0p167_0p167","t":96,"s":[375,1373.5,0],"e":[375,1373.5,0],"to":[0,0,0],"ti":[0,0,0]},{"i":{"x":0.833,"y":0.753},"o":{"x":0.167,"y":0.247},"n":"0p833_0p753_0p167_0p247","t":215,"s":[375,1373.5,0],"e":[375,406.5,0],"to":[0,-161.16667175293,0],"ti":[0,161.16667175293,0]},{"t":230}],"ix":2},"a":{"a":0,"k":[375,897,0],"ix":1},"s":{"a":0,"k":[100,100,100],"ix":6}},"ao":0,"ip":84,"op":296,"st":85,"bm":0}],"markers":[]}